<?xml version="1.0" encoding="utf-8"?>
<!--/12847629/1035804/2.50/4/4/Power Supply/-->
<quadcept_library>
  <setting unit="mil" />
  <textstyle name="Default" height="47.244094488189" strokewidth="7.8740157480315" charwidth="47.244094488189" />
  <textstyle name="Dimension" height="19.6850393700787" strokewidth="0" charwidth="19.6850393700787" />
  <textstyle name="H127W0635TH00762" height="50" strokewidth="3" charwidth="25" />
  <textstyle name="H15W15TH02" height="59.0551181102362" strokewidth="7.8740157480315" charwidth="59.0551181102362" />
  <padstyle name="c186_h124" surface="False" plated="True" isvia="False" nopaste="True" nomask="True" complex="False" holesize="48.818897637795">
    <padshape layer="TOP" shape="round" width="73.228346456692" height="73.228346456692" />
    <padshape layer="TOP_SOLDER_MASK" shape="round" width="81.102362204723" height="81.102362204723" />
    <padshape layer="INNER" shape="round" width="73.228346456692" height="73.228346456692" />
    <padshape layer="BOTTOM" shape="round" width="73.228346456692" height="73.228346456692" />
    <padshape layer="BOTTOM_SOLDER_MASK" shape="round" width="81.102362204723" height="81.102362204723" />
  </padstyle>
  <footprint name="IRM055" originx="0" originy="0" pickpointx="0" pickpointy="0">
    <pcbpin number="1" name="1" style="c186_h124" originx="0" originy="0" rotation="90" />
    <pcbpin number="2" name="2" style="c186_h124" originx="1515.748031496" originy="0" rotation="90" />
    <pcbpin number="3" name="3" style="c186_h124" originx="1515.748031496" originy="314.96062992126" rotation="90" />
    <pcbpin number="4" name="4" style="c186_h124" originx="0" originy="423.22834645669" rotation="90" />
    <line layer="TOP_ASSEMBLY" originx="-141.73228346457" originy="-135.82677165354" endx="1657.4803149606" endy="-135.82677165354" width="7.8740157480314" />
    <line layer="TOP_ASSEMBLY" originx="1657.4803149606" originy="-135.82677165354" endx="1657.4803149606" endy="864.17322834645" width="7.8740157480314" />
    <line layer="TOP_ASSEMBLY" originx="1657.4803149606" originy="864.17322834645" endx="-141.73228346457" endy="864.17322834645" width="7.8740157480314" />
    <line layer="TOP_ASSEMBLY" originx="-141.73228346457" originy="864.17322834645" endx="-141.73228346457" endy="-135.82677165354" width="7.8740157480314" />
    <line layer="TOP_SILKSCREEN" originx="-141.73228346457" originy="-135.82677165354" endx="1657.4803149606" endy="-135.82677165354" width="3.9370078740157" />
    <line layer="TOP_SILKSCREEN" originx="1657.4803149606" originy="-135.82677165354" endx="1657.4803149606" endy="864.17322834645" width="3.9370078740157" />
    <line layer="TOP_SILKSCREEN" originx="1657.4803149606" originy="864.17322834645" endx="-141.73228346457" endy="864.17322834645" width="3.9370078740157" />
    <line layer="TOP_SILKSCREEN" originx="-141.73228346457" originy="864.17322834645" endx="-141.73228346457" endy="-135.82677165354" width="3.9370078740157" />
    <line layer="TOP_PLACE_BOUND" originx="-181.10236220472" originy="-175.1968503937" endx="1696.8503937008" endy="-175.1968503937" width="3.9370078740157" />
    <line layer="TOP_PLACE_BOUND" originx="1696.8503937008" originy="-175.1968503937" endx="1696.8503937008" endy="903.5433070866" width="3.9370078740157" />
    <line layer="TOP_PLACE_BOUND" originx="1696.8503937008" originy="903.5433070866" endx="-181.10236220472" endy="903.5433070866" width="3.9370078740157" />
    <line layer="TOP_PLACE_BOUND" originx="-181.10236220472" originy="903.5433070866" endx="-181.10236220472" endy="-175.1968503937" width="3.9370078740157" />
  </footprint>
  <symbol name="IRM-05-5" originx="0" originy="0">
    <line originx="200" originy="100" endx="800" endy="100" width="0" />
    <line originx="800" originy="-200" endx="800" endy="100" width="0" />
    <line originx="800" originy="-200" endx="200" endy="-200" width="0" />
    <line originx="200" originy="100" endx="200" endy="-200" width="0" />
    <sympin number="1" originx="200" originy="-100" rotation="180" length="100" width="7.8740157480315" flipped="False">
      <text name="pinname" originx="230" originy="-100" style="Default" rotation="0" justify="left" flipped="False" hidden="False" data="AC/L" />
      <text name="pindes" originx="140" originy="-80" style="Default" rotation="0" justify="lowerright" flipped="False" hidden="False" data="1" />
    </sympin>
    <sympin number="2" originx="800" originy="-100" rotation="0" length="100" width="7.8740157480315" flipped="False">
      <text name="pinname" originx="770" originy="-100" style="Default" rotation="0" justify="right" flipped="False" hidden="False" data="-V" />
      <text name="pindes" originx="860" originy="-80" style="Default" rotation="0" justify="lowerleft" flipped="False" hidden="False" data="2" />
    </sympin>
    <sympin number="3" originx="800" originy="0" rotation="0" length="100" width="7.8740157480315" flipped="False">
      <text name="pinname" originx="770" originy="0" style="Default" rotation="0" justify="right" flipped="False" hidden="False" data="+V" />
      <text name="pindes" originx="860" originy="20" style="Default" rotation="0" justify="lowerleft" flipped="False" hidden="False" data="3" />
    </sympin>
    <sympin number="4" originx="200" originy="0" rotation="180" length="100" width="7.8740157480315" flipped="False">
      <text name="pinname" originx="230" originy="0" style="Default" rotation="0" justify="left" flipped="False" hidden="False" data="AC/N" />
      <text name="pindes" originx="140" originy="20" style="Default" rotation="0" justify="lowerright" flipped="False" hidden="False" data="4" />
    </sympin>
  </symbol>
  <component name="IRM-05-5" designatorprefix="PS" height="846.45669291338" footprint="IRM055">
    <comppin designator="1" sympin="1" pinswap="0" gateswap="0" gate="1" group="1" side="" type="Any" name="AC/L" />
    <comppin designator="2" sympin="2" pinswap="0" gateswap="0" gate="1" group="1" side="" type="Any" name="-V" />
    <comppin designator="3" sympin="3" pinswap="0" gateswap="0" gate="1" group="1" side="" type="Any" name="+V" />
    <comppin designator="4" sympin="4" pinswap="0" gateswap="0" gate="1" group="1" side="" type="Any" name="AC/N" />
    <attached_symbol gate="1" name="IRM-05-5" />
    <pinmap designator="1" footprintpin="1" />
    <pinmap designator="2" footprintpin="2" />
    <pinmap designator="3" footprintpin="3" />
    <pinmap designator="4" footprintpin="4" />
    <text name="Datasheet" originx="0" originy="0" style="Default" rotation="0" justify="" flipped="False" hidden="True" data="https://www.mouser.fr/datasheet/2/260/r1936_3-1109422.pdf" />
    <text name="Description" originx="0" originy="0" style="Default" rotation="0" justify="" flipped="False" hidden="True" data="5W Single Output Encapsulated Type" />
    <text name="Manufacturer_Name" originx="0" originy="0" style="Default" rotation="0" justify="" flipped="False" hidden="True" data="Mean Well" />
    <text name="Manufacturer_Part_Number" originx="850" originy="200" style="Default" rotation="0" justify="left" flipped="False" hidden="False" data="IRM-05-5" />
    <text name="Mouser Part Number" originx="0" originy="0" style="Default" rotation="0" justify="" flipped="False" hidden="True" data="709-IRM05-5" />
    <text name="Mouser Price/Stock" originx="0" originy="0" style="Default" rotation="0" justify="" flipped="False" hidden="True" data="https://www.mouser.co.uk/ProductDetail/MEAN-WELL/IRM-05-5?qs=WkdRfq4wf1OdYoHS8Am9VA%3D%3D" />
    <text name="Arrow Part Number" originx="0" originy="0" style="Default" rotation="0" justify="" flipped="False" hidden="True" data="IRM-05-5" />
    <text name="Arrow Price/Stock" originx="0" originy="0" style="Default" rotation="0" justify="" flipped="False" hidden="True" data="https://www.arrow.com/en/products/irm-05-5/mean-well-enterprises?region=europe" />
  </component>
</quadcept_library>
