﻿pos_x,pos_y,rotation,side,designator,mpn,pack,value,mount_type,place
123.0,-50.5,90.0,top,C1,,C_0402_1005Metric_Pad0.74x0.62mm_HandSolder,100nF,smt,True
120.5,-51.5,90.0,top,C2,,C_1206_3216Metric_Pad1.33x1.80mm_HandSolder,22uF,smt,True
180.02,-130.67,90.0,top,C3,,C0402,100nF,smt,True
163.4,-83.62,90.0,top,C4,,CAP-TH_BD6.3-P2.50-D1.0-FD,220uF,tht,True
128.62,-124.0,90.0,top,C5,,CAP-TH_L5.5-W3.2-P5.00-D1.0,10nF,tht,True
137.8975,-91.2,90.0,top,C7,,CAP-TH_BD8.0-P3.50-D0.6-FD,680uf,tht,True
118.57,-64.99,-90.0,top,C9,,C0402,100nF,smt,True
155.725,-58.0,0.0,top,D2,,LED_D5.0mm,LED,tht,True
163.225,-58.0,0.0,top,D3,,LED_D5.0mm,LED,tht,True
170.725,-58.0,0.0,top,D4,,LED_D5.0mm,LED,tht,True
147.07,-100.8,0.0,top,D5,,D_DO-201AD_P15.24mm_Horizontal,1N5822,tht,True
175.4,-123.84,90.0,top,F2,,F1206,JK-NSMD010/60V,smt,True
90.0,-47.0,0.0,top,H1,,MountingHole_3.2mm_M3_Pad_Via,Hole_Pad,tht,False
180.0,-47.0,0.0,top,H2,,MountingHole_3.2mm_M3_Pad_Via,Hole_Pad,tht,False
90.0,-137.0,0.0,top,H3,,MountingHole_3.2mm_M3_Pad_Via,Hole_Pad,tht,False
180.0,-137.0,0.0,top,H4,,MountingHole_3.2mm_M3_Pad_Via,Hole_Pad,tht,False
114.01,-51.9,0.0,top,J1,,PinSocket_1x06_P2.54mm_Vertical,Conn_01x06_Pin,tht,True
141.0,-111.0,90.0,top,J5,,PinSocket_1x06_P2.54mm_Vertical,Conn_01x06_Pin,tht,True
163.46,-92.06,-90.0,top,L2,,IND-SMD_L7.3-W6.6,33uH,smt,True
97.88,-61.46,180.0,top,LED1,,LED-ARRAY-SMD_4P-L3.5-W2.8-TL,MHPA3528RGBCT,smt,True
90.84,-116.08,0.0,top,PS2,,IRM055,IRM-05-5,tht,True
150.5025,-58.08,0.0,top,Q1,,SOT-23,MMBT2222A,smt,True
159.465,-75.05,180.0,top,Q2,,SOT-23,MMBT3904,smt,True
167.965,-75.0,180.0,top,Q3,,SOT-23,MMBT3904,smt,True
96.84,-90.3175,90.0,top,Q6,,TO-220-3_L10.0-W4.5-P2.54-T,"BT136-600D,127",smt,True
92.55,-73.0,0.0,top,R1,,R_2512_6332Metric_Pad1.40x3.35mm_HandSolder,R16K,smt,True
118.59,-61.8075,-90.0,top,R10,,R_0402_1005Metric_Pad0.72x0.64mm_HandSolder,R10K,smt,True
158.35,-69.76,0.0,top,R11,,R_0402_1005Metric_Pad0.72x0.64mm_HandSolder,R1K,smt,True
167.2025,-70.75,0.0,top,R12,,R_0402_1005Metric_Pad0.72x0.64mm_HandSolder,R1K,smt,True
111.5,-70.7925,-90.0,top,R13,,R_0402_1005Metric_Pad0.72x0.64mm_HandSolder,200R,smt,True
103.88,-90.36,0.0,top,R14,,R_Axial_DIN0309_L9.0mm_D3.2mm_P15.24mm_Horizontal,100R,tht,True
92.63,-81.28,0.0,top,R16,,R_2512_6332Metric_Pad1.40x3.35mm_HandSolder,R16K,smt,True
123.9,-75.58,-90.0,top,R18,,R_Axial_DIN0309_L9.0mm_D3.2mm_P15.24mm_Horizontal,360R,tht,True
103.4,-124.5,0.0,top,R19,,RES-TH_L16.5-W5.9-P7.50-D0.8-S3.00,14D471K_C8852,tht,True
104.88,-70.8125,-90.0,top,R2,,R_0402_1005Metric_Pad0.72x0.64mm_HandSolder,R10K,smt,True
149.51,-61.3,90.0,top,R3,,R_0402_1005Metric_Pad0.72x0.64mm_HandSolder,R1K,smt,True
158.8625,-53.0,0.0,top,R4,,R_0402_1005Metric_Pad0.72x0.64mm_HandSolder,R220,smt,True
166.3725,-53.02,0.0,top,R5,,R_0402_1005Metric_Pad0.72x0.64mm_HandSolder,R220,smt,True
172.7,-53.14,180.0,top,R6,,R_0402_1005Metric_Pad0.72x0.64mm_HandSolder,R220,smt,True
102.1075,-63.57,180.0,top,R7,,R_0402_1005Metric_Pad0.72x0.64mm_HandSolder,R1K,smt,True
102.1,-61.0,180.0,top,R8,,R_0402_1005Metric_Pad0.72x0.64mm_HandSolder,R1K,smt,True
102.06,-58.61,180.0,top,R9,,R_0402_1005Metric_Pad0.72x0.64mm_HandSolder,R1K,smt,True
133.75,-58.0,0.0,top,U1,,ESP32-WROOM-32D,ESP32-WROOM-32E,smt,True
148.21,-84.695,90.0,top,U2,,TO-263-5_TabPin3,LM2596S-3.3,smt,True
101.7,-76.94,0.0,top,U3,,SOP-4_4.4x2.6mm_P1.27mm,ACPL-214-500E,smt,True
103.0,-133.0,0.0,top,U5,,CONN-TH_2P-P5.00_DB128V-5.0-2P,DB128V-5.0-2P,tht,True
167.0,-133.0,0.0,top,U6,,CONN-TH_2P-P5.00_DB128V-5.0-2P,DB128V-5.0-2P,tht,True
126.12,-133.0,0.0,top,U7,,CONN-TH_2P-P5.00_DB128V-5.0-2P,DB128V-5.0-2P,tht,True
115.3,-78.16,-90.0,top,U8,,DIP-6_L7.3-W6.5-P2.54-LS7.6-BL,MOC3021M,smt,True
