﻿designator,quantity,value,pack,mpn,mount_type
C1,1,100nF,C_0402_1005Metric_Pad0.74x0.62mm_HandSolder,,smt
C2,1,22uF,C_1206_3216Metric_Pad1.33x1.80mm_HandSolder,,smt
"C3, C9",2,100nF,C0402,,smt
C4,1,220uF,CAP-TH_BD6.3-P2.50-D1.0-FD,,tht
C5,1,10nF,CAP-TH_L5.5-W3.2-P5.00-D1.0,,tht
C7,1,680uf,CAP-TH_BD8.0-P3.50-D0.6-FD,,tht
"D2, D3, D4",3,LED,LED_D5.0mm,,tht
D5,1,1N5822,D_DO-201AD_P15.24mm_Horizontal,,tht
F2,1,JK-NSMD010/60V,F1206,,smt
"H1, H2, H3, H4",4,Hole_Pad,MountingHole_3.2mm_M3_Pad_Via,,tht
"J1, J5",2,Conn_01x06_Pin,PinSocket_1x06_P2.54mm_Vertical,,tht
L2,1,33uH,IND-SMD_L7.3-W6.6,,smt
LED1,1,MHPA3528RGBCT,LED-ARRAY-SMD_4P-L3.5-W2.8-TL,,smt
PS2,1,IRM-05-5,IRM055,,tht
Q1,1,MMBT2222A,SOT-23,,smt
"Q2, Q3",2,MMBT3904,SOT-23,,smt
Q6,1,"BT136-600D,127",TO-220-3_L10.0-W4.5-P2.54-T,,smt
"R1, R16",2,R16K,R_2512_6332Metric_Pad1.40x3.35mm_HandSolder,,smt
"R10, R2",2,R10K,R_0402_1005Metric_Pad0.72x0.64mm_HandSolder,,smt
"R11, R12, R3, R7, R8, R9",6,R1K,R_0402_1005Metric_Pad0.72x0.64mm_HandSolder,,smt
R13,1,200R,R_0402_1005Metric_Pad0.72x0.64mm_HandSolder,,smt
R14,1,100R,R_Axial_DIN0309_L9.0mm_D3.2mm_P15.24mm_Horizontal,,tht
R18,1,360R,R_Axial_DIN0309_L9.0mm_D3.2mm_P15.24mm_Horizontal,,tht
R19,1,14D471K_C8852,RES-TH_L16.5-W5.9-P7.50-D0.8-S3.00,,tht
"R4, R5, R6",3,R220,R_0402_1005Metric_Pad0.72x0.64mm_HandSolder,,smt
U1,1,ESP32-WROOM-32E,ESP32-WROOM-32D,,smt
U2,1,LM2596S-3.3,TO-263-5_TabPin3,,smt
U3,1,ACPL-214-500E,SOP-4_4.4x2.6mm_P1.27mm,,smt
"U5, U6, U7",3,DB128V-5.0-2P,CONN-TH_2P-P5.00_DB128V-5.0-2P,,tht
U8,1,MOC3021M,DIP-6_L7.3-W6.5-P2.54-LS7.6-BL,,smt
