﻿pos_x,pos_y,rotation,side,designator,mpn,pack,value,mount_type,place
123.0,-50.5,90.0,top,C1,,C_0402_1005Metric_Pad0.74x0.62mm_HandSolder,100nF,smt,True
120.5,-51.5,90.0,top,C2,,C_1206_3216Metric_Pad1.33x1.80mm_HandSolder,22uF,smt,True
104.9325,-49.5,0.0,top,C3,,C_0402_1005Metric_Pad0.74x0.62mm_HandSolder,100nF,smt,True
130.5,-93.0,90.0,top,C4,,CP_Radial_D10.0mm_P5.00mm,680uF,tht,True
163.5,-100.367677,90.0,top,C5,,CP_Radial_D10.0mm_P5.00mm,220uF,tht,True
117.5,-125.0,0.0,top,C6,,C_0402_1005Metric_Pad0.74x0.62mm_HandSolder,10nF,smt,True
100.05,-58.2,0.0,top,D1,,LED_RGB_Wuerth-PLCC4_3.2x2.8mm_150141M173100,LED_RGBA,smt,True
155.725,-58.0,0.0,top,D2,,LED_D5.0mm,LED,tht,True
163.225,-58.0,0.0,top,D3,,LED_D5.0mm,LED,tht,True
170.725,-58.0,0.0,top,D4,,LED_D5.0mm,LED,tht,True
174.5,-88.5,180.0,top,D5,,D_DO-201AD_P15.24mm_Horizontal,1N5822,tht,True
178.5125,-123.5,0.0,top,F1,,Fuse_1206_3216Metric_Pad1.42x1.75mm_HandSolder,100mA,smt,True
90.0,-47.0,0.0,top,H1,,MountingHole_3.2mm_M3_Pad_Via,Hole_Pad,tht,False
180.0,-47.0,0.0,top,H2,,MountingHole_3.2mm_M3_Pad_Via,Hole_Pad,tht,False
90.0,-137.0,0.0,top,H3,,MountingHole_3.2mm_M3_Pad_Via,Hole_Pad,tht,False
180.0,-137.0,0.0,top,H4,,MountingHole_3.2mm_M3_Pad_Via,Hole_Pad,tht,False
102.5,-132.0,0.0,top,J1,,"TerminalBlock_Phoenix_MKDS-1,5-2_1x02_P5.00mm_Horizontal",Screw_Terminal_01x02,tht,True
114.0,-51.88,0.0,top,J2,,PinSocket_1x06_P2.54mm_Vertical,Conn_01x06_Pin,tht,True
165.4875,-132.0,0.0,top,J3,,"TerminalBlock_Phoenix_MKDS-1,5-2_1x02_P5.00mm_Horizontal",Screw_Terminal_01x02,tht,True
117.0,-132.0,0.0,top,J4,,"TerminalBlock_Phoenix_MKDS-1,5-2_1x02_P5.00mm_Horizontal",Screw_Terminal_01x02,tht,True
141.0,-111.0,90.0,top,J5,,PinSocket_1x06_P2.54mm_Vertical,Conn_01x06_Pin,tht,True
174.0,-100.5,180.0,top,L1,,L_Abracon_ASPI-4030S,33uH,smt,True
91.8425,-109.0,0.0,top,PS1,,Converter_ACDC_MeanWell_IRM-05-xx_THT,IRM-05-5,tht,True
149.5,-58.0,0.0,top,Q1,,SOT-23,MMBT2222A,smt,True
159.465,-75.05,180.0,top,Q2,,SOT-23,MMBT3904,smt,True
167.965,-75.0,180.0,top,Q3,,SOT-23,MMBT3904,smt,True
93.0,-93.5,0.0,top,Q4,,TO-220-3_Vertical,BT136-500,tht,True
92.55,-73.0,0.0,top,R1,,R_2512_6332Metric_Pad1.40x3.35mm_HandSolder,R16K,smt,True
99.5,-49.5,0.0,top,R10,,R_0402_1005Metric_Pad0.72x0.64mm_HandSolder,R10K,smt,True
155.5,-67.5,0.0,top,R11,,R_0402_1005Metric_Pad0.72x0.64mm_HandSolder,R1K,smt,True
159.5,-67.5,0.0,top,R12,,R_0402_1005Metric_Pad0.72x0.64mm_HandSolder,R1K,smt,True
116.0975,-78.0,180.0,top,R13,,R_0402_1005Metric_Pad0.72x0.64mm_HandSolder,R220,smt,True
103.5,-93.5,180.0,top,R14,,R_0402_1005Metric_Pad0.72x0.64mm_HandSolder,R330,smt,True
121.4025,-125.0,180.0,top,R15,,R_0402_1005Metric_Pad0.72x0.64mm_HandSolder,R100,smt,True
95.5,-82.0,0.0,top,R16,,R_2512_6332Metric_Pad1.40x3.35mm_HandSolder,R16K,smt,True
110.2225,-75.0,180.0,top,R2,,R_0402_1005Metric_Pad0.72x0.64mm_HandSolder,R10K,smt,True
148.0,-53.0,0.0,top,R3,,R_0402_1005Metric_Pad0.72x0.64mm_HandSolder,R1K,smt,True
158.9025,-51.0,0.0,top,R4,,R_0402_1005Metric_Pad0.72x0.64mm_HandSolder,R220,smt,True
166.4025,-51.0,0.0,top,R5,,R_0402_1005Metric_Pad0.72x0.64mm_HandSolder,R220,smt,True
173.9025,-51.0,0.0,top,R6,,R_0402_1005Metric_Pad0.72x0.64mm_HandSolder,R220,smt,True
95.2,-57.375,0.0,top,R7,,R_0402_1005Metric_Pad0.72x0.64mm_HandSolder,R1K,smt,True
105.5975,-60.0,180.0,top,R8,,R_0402_1005Metric_Pad0.72x0.64mm_HandSolder,R1K,smt,True
105.5975,-56.0,180.0,top,R9,,R_0402_1005Metric_Pad0.72x0.64mm_HandSolder,R1K,smt,True
133.75,-58.0,0.0,top,U1,,ESP32-WROOM-32D,ESP32-WROOM-32E,smt,True
147.4,-91.925,90.0,top,U2,,TO-263-5_TabPin3,LM2596S-3.3,smt,True
102.3125,-75.635,0.0,top,U3,,SOP-4_4.4x2.6mm_P1.27mm,ACPL-214-500E,smt,True
114.08,-82.5,-90.0,top,U4,,DIP-6_W7.62mm,MOC3021M,tht,True
