﻿designator,quantity,value,pack,mpn,mount_type
"C1, C3",2,100nF,C_0402_1005Metric_Pad0.74x0.62mm_HandSolder,,smt
C2,1,22uF,C_1206_3216Metric_Pad1.33x1.80mm_HandSolder,,smt
C4,1,680uF,CP_Radial_D10.0mm_P5.00mm,,tht
C5,1,220uF,CP_Radial_D10.0mm_P5.00mm,,tht
C6,1,10nF,C_0402_1005Metric_Pad0.74x0.62mm_HandSolder,,smt
D1,1,LED_RGBA,LED_RGB_Wuerth-PLCC4_3.2x2.8mm_150141M173100,,smt
"D2, D3, D4",3,LED,LED_D5.0mm,,tht
D5,1,1N5822,D_DO-201AD_P15.24mm_Horizontal,,tht
F1,1,100mA,Fuse_1206_3216Metric_Pad1.42x1.75mm_HandSolder,,smt
"H1, H2, H3, H4",4,Hole_Pad,MountingHole_3.2mm_M3_Pad_Via,,tht
"J1, J3, J4",3,Screw_Terminal_01x02,"TerminalBlock_Phoenix_MKDS-1,5-2_1x02_P5.00mm_Horizontal",,tht
"J2, J5",2,Conn_01x06_Pin,PinSocket_1x06_P2.54mm_Vertical,,tht
L1,1,33uH,L_Abracon_ASPI-4030S,,smt
PS1,1,IRM-05-5,Converter_ACDC_MeanWell_IRM-05-xx_THT,,tht
Q1,1,MMBT2222A,SOT-23,,smt
"Q2, Q3",2,MMBT3904,SOT-23,,smt
Q4,1,BT136-500,TO-220-3_Vertical,,tht
"R1, R16",2,R16K,R_2512_6332Metric_Pad1.40x3.35mm_HandSolder,,smt
"R10, R2",2,R10K,R_0402_1005Metric_Pad0.72x0.64mm_HandSolder,,smt
"R11, R12, R3, R7, R8, R9",6,R1K,R_0402_1005Metric_Pad0.72x0.64mm_HandSolder,,smt
"R13, R4, R5, R6",4,R220,R_0402_1005Metric_Pad0.72x0.64mm_HandSolder,,smt
R14,1,R330,R_0402_1005Metric_Pad0.72x0.64mm_HandSolder,,smt
R15,1,R100,R_0402_1005Metric_Pad0.72x0.64mm_HandSolder,,smt
U1,1,ESP32-WROOM-32E,ESP32-WROOM-32D,,smt
U2,1,LM2596S-3.3,TO-263-5_TabPin3,,smt
U3,1,ACPL-214-500E,SOP-4_4.4x2.6mm_P1.27mm,,smt
U4,1,MOC3021M,DIP-6_W7.62mm,,tht
